-- phpMyAdmin SQL Dump
-- version 5.2.0
-- https://www.phpmyadmin.net/
--
-- Host: 127.0.0.1
-- Generation Time: Aug 16, 2023 at 09:22 AM
-- Server version: 10.4.24-MariaDB
-- PHP Version: 8.1.6

SET SQL_MODE = "NO_AUTO_VALUE_ON_ZERO";
START TRANSACTION;
SET time_zone = "+00:00";


/*!40101 SET @OLD_CHARACTER_SET_CLIENT=@@CHARACTER_SET_CLIENT */;
/*!40101 SET @OLD_CHARACTER_SET_RESULTS=@@CHARACTER_SET_RESULTS */;
/*!40101 SET @OLD_COLLATION_CONNECTION=@@COLLATION_CONNECTION */;
/*!40101 SET NAMES utf8mb4 */;

--
-- Database: `mcdm_pkg`
--

-- --------------------------------------------------------

--
-- Table structure for table `ahp_ir`
--

CREATE TABLE `ahp_ir` (
  `ahp_jumlah` int(11) NOT NULL,
  `ahp_nilai` float NOT NULL
) ENGINE=MyISAM DEFAULT CHARSET=latin1;

--
-- Dumping data for table `ahp_ir`
--

INSERT INTO `ahp_ir` (`ahp_jumlah`, `ahp_nilai`) VALUES
(1, 0),
(2, 0),
(3, 0.58),
(4, 0.9),
(5, 1.12),
(6, 1.24),
(7, 1.32),
(8, 1.41),
(9, 1.45),
(10, 1.49),
(11, 1.51),
(12, 1.48),
(13, 1.56),
(14, 1.57),
(15, 1.59);

-- --------------------------------------------------------

--
-- Table structure for table `bobot`
--

CREATE TABLE `bobot` (
  `bobot_id` varchar(10) NOT NULL,
  `bobot_nilai` float NOT NULL,
  `bobot_ahp` float NOT NULL
) ENGINE=InnoDB DEFAULT CHARSET=latin1;

--
-- Dumping data for table `bobot`
--

INSERT INTO `bobot` (`bobot_id`, `bobot_nilai`, `bobot_ahp`) VALUES
('C01', 5, 9),
('C02', 4, 7),
('C03', 3, 5),
('C04', 3, 5),
('C05', 5, 9),
('C06', 5, 9),
('C07', 4, 7),
('C08', 2, 3),
('C09', 2, 3),
('C10', 3, 5),
('C11', 2, 3),
('C12', 4, 7),
('C13', 2, 3),
('C14', 2, 3);

-- --------------------------------------------------------

--
-- Table structure for table `hasil`
--

CREATE TABLE `hasil` (
  `id_peserta` varchar(10) NOT NULL,
  `metode` varchar(50) NOT NULL,
  `nilai_hasil` float NOT NULL
) ENGINE=InnoDB DEFAULT CHARSET=latin1;

--
-- Dumping data for table `hasil`
--

INSERT INTO `hasil` (`id_peserta`, `metode`, `nilai_hasil`) VALUES
('PS0006', 'AHP', 0.27197),
('PS0017', 'AHP', 0.261085),
('PS0018', 'AHP', 0.254584),
('PS0004', 'AHP', 0.244346),
('PS0012', 'AHP', 0.231524),
('PS0003', 'AHP', 0.229986),
('PS0016', 'AHP', 0.211838),
('PS0005', 'AHP', 0.21043),
('PS0021', 'AHP', 0.2093),
('PS0015', 'AHP', 0.197639),
('PS0020', 'AHP', 0.191271),
('PS0019', 'AHP', 0.188672),
('PS0024', 'AHP', 0.186066),
('PS0023', 'AHP', 0.177242),
('PS0010', 'AHP', 0.175979),
('PS0008', 'AHP', 0.173454),
('PS0009', 'AHP', 0.172381),
('PS0013', 'AHP', 0.170521),
('PS0022', 'AHP', 0.157461),
('PS0014', 'AHP', 0.152247),
('PS0002', 'AHP', 0.148998),
('PS0001', 'AHP', 0.146463),
('PS0011', 'AHP', 0.127224),
('PS0007', 'AHP', 0.126676),
('PS0025', 'AHP', 0.119266),
('PS0018', 'wsm', 127),
('PS0006', 'wsm', 126),
('PS0015', 'wsm', 121),
('PS0021', 'wsm', 119),
('PS0003', 'wsm', 118),
('PS0016', 'wsm', 118),
('PS0019', 'wsm', 116),
('PS0020', 'wsm', 115),
('PS0005', 'wsm', 114),
('PS0017', 'wsm', 114),
('PS0024', 'wsm', 113),
('PS0013', 'wsm', 112),
('PS0010', 'wsm', 109),
('PS0008', 'wsm', 108),
('PS0023', 'wsm', 108),
('PS0012', 'wsm', 107),
('PS0004', 'wsm', 105),
('PS0009', 'wsm', 102),
('PS0001', 'wsm', 102),
('PS0022', 'wsm', 100),
('PS0014', 'wsm', 99),
('PS0011', 'wsm', 95),
('PS0025', 'wsm', 94),
('PS0002', 'wsm', 93),
('PS0007', 'wsm', 93),
('PS0018', 'wpm', 0.0471957),
('PS0006', 'wpm', 0.0466619),
('PS0015', 'wpm', 0.0454576),
('PS0021', 'wpm', 0.0444351),
('PS0020', 'wpm', 0.0433373),
('PS0016', 'wpm', 0.0431775),
('PS0003', 'wpm', 0.0430057),
('PS0005', 'wpm', 0.0427375),
('PS0024', 'wpm', 0.04258),
('PS0013', 'wpm', 0.0419907),
('PS0019', 'wpm', 0.0419432),
('PS0017', 'wpm', 0.0409413),
('PS0010', 'wpm', 0.0398846),
('PS0023', 'wpm', 0.0397375),
('PS0008', 'wpm', 0.0392881),
('PS0012', 'wpm', 0.0382515),
('PS0014', 'wpm', 0.0376368),
('PS0001', 'wpm', 0.0374556),
('PS0004', 'wpm', 0.0368011),
('PS0022', 'wpm', 0.0363848),
('PS0009', 'wpm', 0.0360761),
('PS0002', 'wpm', 0.034169),
('PS0011', 'wpm', 0.0339175),
('PS0007', 'wpm', 0.033486),
('PS0025', 'wpm', 0.0334481),
('PS0006', 'topsis', 0.6062),
('PS0018', 'topsis', 0.6062),
('PS0003', 'topsis', 0.5629),
('PS0017', 'topsis', 0.5466),
('PS0021', 'topsis', 0.5445),
('PS0005', 'topsis', 0.5431),
('PS0016', 'topsis', 0.5342),
('PS0015', 'topsis', 0.5303),
('PS0020', 'topsis', 0.5139),
('PS0024', 'topsis', 0.5035),
('PS0004', 'topsis', 0.4994),
('PS0012', 'topsis', 0.4951),
('PS0013', 'topsis', 0.4871),
('PS0019', 'topsis', 0.485),
('PS0023', 'topsis', 0.4782),
('PS0010', 'topsis', 0.467),
('PS0008', 'topsis', 0.4665),
('PS0009', 'topsis', 0.4306),
('PS0014', 'topsis', 0.4182),
('PS0022', 'topsis', 0.4115),
('PS0001', 'topsis', 0.4058),
('PS0002', 'topsis', 0.3833),
('PS0011', 'topsis', 0.3599),
('PS0025', 'topsis', 0.3378),
('PS0007', 'topsis', 0.3328);

-- --------------------------------------------------------

--
-- Table structure for table `instansi`
--

CREATE TABLE `instansi` (
  `instansi_id` varchar(10) NOT NULL,
  `instansi_nama` varchar(100) NOT NULL,
  `instansi_alamat` varchar(100) DEFAULT NULL,
  `instansi_notelp` varchar(15) DEFAULT NULL,
  `instansi_pimpinan` varchar(100) NOT NULL,
  `instansi_pimpinannuptk` varchar(100) DEFAULT NULL
) ENGINE=InnoDB DEFAULT CHARSET=latin1;

--
-- Dumping data for table `instansi`
--

INSERT INTO `instansi` (`instansi_id`, `instansi_nama`, `instansi_alamat`, `instansi_notelp`, `instansi_pimpinan`, `instansi_pimpinannuptk`) VALUES
('INS0001', 'SD Anak Saleh', 'Jl. Arumba No. 31 Malang', '0341487088', 'Dr. Ikhsan Gunadi, S.Pd., M.M.', '07961914146'),
('INS0002', 'SD Maulana Malik Ibrahim', 'Lowokwaru Malang', '0341489966', 'Andreas Setiyono, S.Kom.Gr., S.Pd', '0796071420');

-- --------------------------------------------------------

--
-- Table structure for table `nilai_peserta`
--

CREATE TABLE `nilai_peserta` (
  `id_peserta` varchar(10) NOT NULL,
  `id_bobot` varchar(10) NOT NULL,
  `nilai` float NOT NULL,
  `id_periode` varchar(10) NOT NULL
) ENGINE=InnoDB DEFAULT CHARSET=latin1;

--
-- Dumping data for table `nilai_peserta`
--

INSERT INTO `nilai_peserta` (`id_peserta`, `id_bobot`, `nilai`, `id_periode`) VALUES
('PS0001', 'C01', 3, 'PP0004'),
('PS0001', 'C02', 2, 'PP0004'),
('PS0001', 'C03', 2, 'PP0004'),
('PS0001', 'C04', 3, 'PP0004'),
('PS0001', 'C05', 2, 'PP0004'),
('PS0001', 'C06', 2, 'PP0004'),
('PS0001', 'C07', 2, 'PP0004'),
('PS0001', 'C08', 2, 'PP0004'),
('PS0001', 'C09', 3, 'PP0004'),
('PS0001', 'C10', 3, 'PP0004'),
('PS0001', 'C11', 2, 'PP0004'),
('PS0001', 'C12', 2, 'PP0004'),
('PS0001', 'C13', 3, 'PP0004'),
('PS0001', 'C14', 3, 'PP0004'),
('PS0002', 'C01', 3, 'PP0004'),
('PS0002', 'C02', 2, 'PP0004'),
('PS0002', 'C03', 1, 'PP0004'),
('PS0002', 'C04', 2, 'PP0004'),
('PS0002', 'C05', 3, 'PP0004'),
('PS0002', 'C06', 3, 'PP0004'),
('PS0002', 'C07', 2, 'PP0004'),
('PS0002', 'C08', 4, 'PP0004'),
('PS0002', 'C09', 2, 'PP0004'),
('PS0002', 'C10', 2, 'PP0004'),
('PS0002', 'C11', 1, 'PP0004'),
('PS0002', 'C12', 3, 'PP0004'),
('PS0002', 'C13', 2, 'PP0004'),
('PS0002', 'C14', 1, 'PP0004'),
('PS0003', 'C01', 1, 'PP0004'),
('PS0003', 'C02', 3, 'PP0004'),
('PS0003', 'C03', 2, 'PP0004'),
('PS0003', 'C04', 2, 'PP0004'),
('PS0003', 'C05', 3, 'PP0004'),
('PS0003', 'C06', 3, 'PP0004'),
('PS0003', 'C07', 4, 'PP0004'),
('PS0003', 'C08', 3, 'PP0004'),
('PS0003', 'C09', 2, 'PP0004'),
('PS0003', 'C10', 2, 'PP0004'),
('PS0003', 'C11', 2, 'PP0004'),
('PS0003', 'C12', 1, 'PP0004'),
('PS0003', 'C13', 2, 'PP0004'),
('PS0003', 'C14', 3, 'PP0004'),
('PS0004', 'C01', 3, 'PP0004'),
('PS0004', 'C02', 2, 'PP0004'),
('PS0004', 'C03', 3, 'PP0004'),
('PS0004', 'C04', 3, 'PP0004'),
('PS0004', 'C05', 4, 'PP0004'),
('PS0004', 'C06', 3, 'PP0004'),
('PS0004', 'C07', 2, 'PP0004'),
('PS0004', 'C08', 2, 'PP0004'),
('PS0004', 'C09', 2, 'PP0004'),
('PS0004', 'C10', 2, 'PP0004'),
('PS0004', 'C11', 3, 'PP0004'),
('PS0004', 'C12', 1, 'PP0004'),
('PS0004', 'C13', 2, 'PP0004'),
('PS0004', 'C14', 2, 'PP0004'),
('PS0005', 'C01', 3, 'PP0004'),
('PS0005', 'C02', 2, 'PP0004'),
('PS0005', 'C03', 3, 'PP0004'),
('PS0005', 'C04', 3, 'PP0004'),
('PS0005', 'C05', 2, 'PP0004'),
('PS0005', 'C06', 2, 'PP0004'),
('PS0005', 'C07', 2, 'PP0004'),
('PS0005', 'C08', 2, 'PP0004'),
('PS0005', 'C09', 2, 'PP0004'),
('PS0005', 'C10', 2, 'PP0004'),
('PS0005', 'C11', 3, 'PP0004'),
('PS0005', 'C12', 2, 'PP0004'),
('PS0005', 'C13', 3, 'PP0004'),
('PS0005', 'C14', 4, 'PP0004'),
('PS0006', 'C01', 3, 'PP0004'),
('PS0006', 'C02', 2, 'PP0004'),
('PS0006', 'C03', 3, 'PP0004'),
('PS0006', 'C04', 3, 'PP0004'),
('PS0006', 'C05', 4, 'PP0004'),
('PS0006', 'C06', 2, 'PP0004'),
('PS0006', 'C07', 3, 'PP0004'),
('PS0006', 'C08', 2, 'PP0004'),
('PS0006', 'C09', 2, 'PP0004'),
('PS0006', 'C10', 2, 'PP0004'),
('PS0006', 'C11', 2, 'PP0004'),
('PS0006', 'C12', 4, 'PP0004'),
('PS0006', 'C13', 2, 'PP0004'),
('PS0006', 'C14', 2, 'PP0004'),
('PS0007', 'C01', 3, 'PP0004'),
('PS0007', 'C02', 2, 'PP0004'),
('PS0007', 'C03', 3, 'PP0004'),
('PS0007', 'C04', 3, 'PP0004'),
('PS0007', 'C05', 2, 'PP0004'),
('PS0007', 'C06', 2, 'PP0004'),
('PS0007', 'C07', 2, 'PP0004'),
('PS0007', 'C08', 2, 'PP0004'),
('PS0007', 'C09', 2, 'PP0004'),
('PS0007', 'C10', 2, 'PP0004'),
('PS0007', 'C11', 3, 'PP0004'),
('PS0007', 'C12', 4, 'PP0004'),
('PS0007', 'C13', 2, 'PP0004'),
('PS0007', 'C14', 3, 'PP0004'),
('PS0008', 'C01', 2, 'PP0004'),
('PS0008', 'C02', 2, 'PP0004'),
('PS0008', 'C03', 2, 'PP0004'),
('PS0008', 'C04', 3, 'PP0004'),
('PS0008', 'C05', 4, 'PP0004'),
('PS0008', 'C06', 3, 'PP0004'),
('PS0008', 'C07', 2, 'PP0004'),
('PS0008', 'C08', 4, 'PP0004'),
('PS0008', 'C09', 2, 'PP0004'),
('PS0008', 'C10', 2, 'PP0004'),
('PS0008', 'C11', 1, 'PP0004'),
('PS0008', 'C12', 3, 'PP0004'),
('PS0008', 'C13', 2, 'PP0004'),
('PS0008', 'C14', 2, 'PP0004'),
('PS0009', 'C01', 2, 'PP0004'),
('PS0009', 'C02', 3, 'PP0004'),
('PS0009', 'C03', 2, 'PP0004'),
('PS0009', 'C04', 3, 'PP0004'),
('PS0009', 'C05', 3, 'PP0004'),
('PS0009', 'C06', 2, 'PP0004'),
('PS0009', 'C07', 2, 'PP0004'),
('PS0009', 'C08', 2, 'PP0004'),
('PS0009', 'C09', 2, 'PP0004'),
('PS0009', 'C10', 3, 'PP0004'),
('PS0009', 'C11', 2, 'PP0004'),
('PS0009', 'C12', 3, 'PP0004'),
('PS0009', 'C13', 2, 'PP0004'),
('PS0009', 'C14', 2, 'PP0004'),
('PS0010', 'C01', 3, 'PP0004'),
('PS0010', 'C02', 3, 'PP0004'),
('PS0010', 'C03', 3, 'PP0004'),
('PS0010', 'C04', 2, 'PP0004'),
('PS0010', 'C05', 2, 'PP0004'),
('PS0010', 'C06', 3, 'PP0004'),
('PS0010', 'C07', 3, 'PP0004'),
('PS0010', 'C08', 2, 'PP0004'),
('PS0010', 'C09', 3, 'PP0004'),
('PS0010', 'C10', 2, 'PP0004'),
('PS0010', 'C11', 2, 'PP0004'),
('PS0010', 'C12', 2, 'PP0004'),
('PS0010', 'C13', 2, 'PP0004'),
('PS0010', 'C14', 3, 'PP0004'),
('PS0011', 'C01', 2, 'PP0004'),
('PS0011', 'C02', 2, 'PP0004'),
('PS0011', 'C03', 3, 'PP0004'),
('PS0011', 'C04', 3, 'PP0004'),
('PS0011', 'C05', 2, 'PP0004'),
('PS0011', 'C06', 2, 'PP0004'),
('PS0011', 'C07', 1, 'PP0004'),
('PS0011', 'C08', 3, 'PP0004'),
('PS0011', 'C09', 2, 'PP0004'),
('PS0011', 'C10', 2, 'PP0004'),
('PS0011', 'C11', 2, 'PP0004'),
('PS0011', 'C12', 3, 'PP0004'),
('PS0011', 'C13', 2, 'PP0004'),
('PS0011', 'C14', 2, 'PP0004'),
('PS0012', 'C01', 3, 'PP0004'),
('PS0012', 'C02', 2, 'PP0004'),
('PS0012', 'C03', 4, 'PP0004'),
('PS0012', 'C04', 3, 'PP0004'),
('PS0012', 'C05', 2, 'PP0004'),
('PS0012', 'C06', 3, 'PP0004'),
('PS0012', 'C07', 2, 'PP0004'),
('PS0012', 'C08', 2, 'PP0004'),
('PS0012', 'C09', 2, 'PP0004'),
('PS0012', 'C10', 2, 'PP0004'),
('PS0012', 'C11', 2, 'PP0004'),
('PS0012', 'C12', 1, 'PP0004'),
('PS0012', 'C13', 2, 'PP0004'),
('PS0012', 'C14', 2, 'PP0004'),
('PS0013', 'C01', 3, 'PP0004'),
('PS0013', 'C02', 2, 'PP0004'),
('PS0013', 'C03', 2, 'PP0004'),
('PS0013', 'C04', 3, 'PP0004'),
('PS0013', 'C05', 3, 'PP0004'),
('PS0013', 'C06', 2, 'PP0004'),
('PS0013', 'C07', 2, 'PP0004'),
('PS0013', 'C08', 2, 'PP0004'),
('PS0013', 'C09', 2, 'PP0004'),
('PS0013', 'C10', 3, 'PP0004'),
('PS0013', 'C11', 2, 'PP0004'),
('PS0013', 'C12', 2, 'PP0004'),
('PS0013', 'C13', 4, 'PP0004'),
('PS0013', 'C14', 1, 'PP0004'),
('PS0014', 'C01', 2, 'PP0004'),
('PS0014', 'C02', 2, 'PP0004'),
('PS0014', 'C03', 3, 'PP0004'),
('PS0014', 'C04', 2, 'PP0004'),
('PS0014', 'C05', 3, 'PP0004'),
('PS0014', 'C06', 3, 'PP0004'),
('PS0014', 'C07', 2, 'PP0004'),
('PS0014', 'C08', 2, 'PP0004'),
('PS0014', 'C09', 3, 'PP0004'),
('PS0014', 'C10', 2, 'PP0004'),
('PS0014', 'C11', 1, 'PP0004'),
('PS0014', 'C12', 3, 'PP0004'),
('PS0014', 'C13', 2, 'PP0004'),
('PS0014', 'C14', 2, 'PP0004'),
('PS0015', 'C01', 2, 'PP0004'),
('PS0015', 'C02', 1, 'PP0004'),
('PS0015', 'C03', 3, 'PP0004'),
('PS0015', 'C04', 2, 'PP0004'),
('PS0015', 'C05', 2, 'PP0004'),
('PS0015', 'C06', 2, 'PP0004'),
('PS0015', 'C07', 2, 'PP0004'),
('PS0015', 'C08', 2, 'PP0004'),
('PS0015', 'C09', 2, 'PP0004'),
('PS0015', 'C10', 4, 'PP0004'),
('PS0015', 'C11', 2, 'PP0004'),
('PS0015', 'C12', 4, 'PP0004'),
('PS0015', 'C13', 4, 'PP0004'),
('PS0015', 'C14', 3, 'PP0004'),
('PS0016', 'C01', 2, 'PP0004'),
('PS0016', 'C02', 2, 'PP0004'),
('PS0016', 'C03', 2, 'PP0004'),
('PS0016', 'C04', 2, 'PP0004'),
('PS0016', 'C05', 3, 'PP0004'),
('PS0016', 'C06', 2, 'PP0004'),
('PS0016', 'C07', 2, 'PP0004'),
('PS0016', 'C08', 2, 'PP0004'),
('PS0016', 'C09', 2, 'PP0004'),
('PS0016', 'C10', 2, 'PP0004'),
('PS0016', 'C11', 3, 'PP0004'),
('PS0016', 'C12', 2, 'PP0004'),
('PS0016', 'C13', 2, 'PP0004'),
('PS0016', 'C14', 2, 'PP0004'),
('PS0017', 'C01', 2, 'PP0004'),
('PS0017', 'C02', 3, 'PP0004'),
('PS0017', 'C03', 1, 'PP0004'),
('PS0017', 'C04', 2, 'PP0004'),
('PS0017', 'C05', 2, 'PP0004'),
('PS0017', 'C06', 3, 'PP0004'),
('PS0017', 'C07', 2, 'PP0004'),
('PS0017', 'C08', 3, 'PP0004'),
('PS0017', 'C09', 2, 'PP0004'),
('PS0017', 'C10', 2, 'PP0004'),
('PS0017', 'C11', 3, 'PP0004'),
('PS0017', 'C12', 2, 'PP0004'),
('PS0017', 'C13', 1, 'PP0004'),
('PS0017', 'C14', 1, 'PP0004'),
('PS0018', 'C01', 1, 'PP0004'),
('PS0018', 'C02', 3, 'PP0004'),
('PS0018', 'C03', 3, 'PP0004'),
('PS0018', 'C04', 3, 'PP0004'),
('PS0018', 'C05', 3, 'PP0004'),
('PS0018', 'C06', 1, 'PP0004'),
('PS0018', 'C07', 2, 'PP0004'),
('PS0018', 'C08', 3, 'PP0004'),
('PS0018', 'C09', 2, 'PP0004'),
('PS0018', 'C10', 2, 'PP0004'),
('PS0018', 'C11', 2, 'PP0004'),
('PS0018', 'C12', 2, 'PP0004'),
('PS0018', 'C13', 4, 'PP0004'),
('PS0018', 'C14', 3, 'PP0004'),
('PS0019', 'C01', 1, 'PP0004'),
('PS0019', 'C02', 3, 'PP0004'),
('PS0019', 'C03', 3, 'PP0004'),
('PS0019', 'C04', 3, 'PP0004'),
('PS0019', 'C05', 1, 'PP0004'),
('PS0019', 'C06', 3, 'PP0004'),
('PS0019', 'C07', 3, 'PP0004'),
('PS0019', 'C08', 3, 'PP0004'),
('PS0019', 'C09', 2, 'PP0004'),
('PS0019', 'C10', 2, 'PP0004'),
('PS0019', 'C11', 2, 'PP0004'),
('PS0019', 'C12', 1, 'PP0004'),
('PS0019', 'C13', 2, 'PP0004'),
('PS0019', 'C14', 3, 'PP0004'),
('PS0020', 'C01', 2, 'PP0004'),
('PS0020', 'C02', 2, 'PP0004'),
('PS0020', 'C03', 3, 'PP0004'),
('PS0020', 'C04', 2, 'PP0004'),
('PS0020', 'C05', 2, 'PP0004'),
('PS0020', 'C06', 2, 'PP0004'),
('PS0020', 'C07', 3, 'PP0004'),
('PS0020', 'C08', 3, 'PP0004'),
('PS0020', 'C09', 2, 'PP0004'),
('PS0020', 'C10', 2, 'PP0004'),
('PS0020', 'C11', 2, 'PP0004'),
('PS0020', 'C12', 1, 'PP0004'),
('PS0020', 'C13', 1, 'PP0004'),
('PS0020', 'C14', 1, 'PP0004'),
('PS0021', 'C01', 2, 'PP0004'),
('PS0021', 'C02', 3, 'PP0004'),
('PS0021', 'C03', 1, 'PP0004'),
('PS0021', 'C04', 2, 'PP0004'),
('PS0021', 'C05', 2, 'PP0004'),
('PS0021', 'C06', 3, 'PP0004'),
('PS0021', 'C07', 2, 'PP0004'),
('PS0021', 'C08', 2, 'PP0004'),
('PS0021', 'C09', 3, 'PP0004'),
('PS0021', 'C10', 3, 'PP0004'),
('PS0021', 'C11', 2, 'PP0004'),
('PS0021', 'C12', 2, 'PP0004'),
('PS0021', 'C13', 3, 'PP0004'),
('PS0021', 'C14', 4, 'PP0004'),
('PS0022', 'C01', 2, 'PP0004'),
('PS0022', 'C02', 3, 'PP0004'),
('PS0022', 'C03', 3, 'PP0004'),
('PS0022', 'C04', 2, 'PP0004'),
('PS0022', 'C05', 2, 'PP0004'),
('PS0022', 'C06', 2, 'PP0004'),
('PS0022', 'C07', 2, 'PP0004'),
('PS0022', 'C08', 2, 'PP0004'),
('PS0022', 'C09', 3, 'PP0004'),
('PS0022', 'C10', 1, 'PP0004'),
('PS0022', 'C11', 2, 'PP0004'),
('PS0022', 'C12', 3, 'PP0004'),
('PS0022', 'C13', 2, 'PP0004'),
('PS0022', 'C14', 2, 'PP0004'),
('PS0023', 'C01', 2, 'PP0004'),
('PS0023', 'C02', 2, 'PP0004'),
('PS0023', 'C03', 1, 'PP0004'),
('PS0023', 'C04', 2, 'PP0004'),
('PS0023', 'C05', 2, 'PP0004'),
('PS0023', 'C06', 1, 'PP0004'),
('PS0023', 'C07', 3, 'PP0004'),
('PS0023', 'C08', 2, 'PP0004'),
('PS0023', 'C09', 2, 'PP0004'),
('PS0023', 'C10', 2, 'PP0004'),
('PS0023', 'C11', 1, 'PP0004'),
('PS0023', 'C12', 4, 'PP0004'),
('PS0023', 'C13', 2, 'PP0004'),
('PS0023', 'C14', 3, 'PP0004'),
('PS0024', 'C01', 2, 'PP0004'),
('PS0024', 'C02', 3, 'PP0004'),
('PS0024', 'C03', 1, 'PP0004'),
('PS0024', 'C04', 3, 'PP0004'),
('PS0024', 'C05', 3, 'PP0004'),
('PS0024', 'C06', 1, 'PP0004'),
('PS0024', 'C07', 2, 'PP0004'),
('PS0024', 'C08', 2, 'PP0004'),
('PS0024', 'C09', 2, 'PP0004'),
('PS0024', 'C10', 3, 'PP0004'),
('PS0024', 'C11', 2, 'PP0004'),
('PS0024', 'C12', 2, 'PP0004'),
('PS0024', 'C13', 4, 'PP0004'),
('PS0024', 'C14', 2, 'PP0004'),
('PS0025', 'C01', 3, 'PP0004'),
('PS0025', 'C02', 2, 'PP0004'),
('PS0025', 'C03', 2, 'PP0004'),
('PS0025', 'C04', 2, 'PP0004'),
('PS0025', 'C05', 3, 'PP0004'),
('PS0025', 'C06', 3, 'PP0004'),
('PS0025', 'C07', 2, 'PP0004'),
('PS0025', 'C08', 2, 'PP0004'),
('PS0025', 'C09', 4, 'PP0004'),
('PS0025', 'C10', 3, 'PP0004'),
('PS0025', 'C11', 3, 'PP0004'),
('PS0025', 'C12', 2, 'PP0004'),
('PS0025', 'C13', 2, 'PP0004'),
('PS0025', 'C14', 1, 'PP0004'),
('PS0026', 'C01', 3, 'PP0004'),
('PS0026', 'C02', 4, 'PP0004'),
('PS0026', 'C03', 2, 'PP0004'),
('PS0026', 'C04', 2, 'PP0004'),
('PS0026', 'C05', 2, 'PP0004'),
('PS0026', 'C06', 2, 'PP0004'),
('PS0026', 'C07', 2, 'PP0004'),
('PS0026', 'C08', 3, 'PP0004'),
('PS0026', 'C09', 2, 'PP0004'),
('PS0026', 'C10', 2, 'PP0004'),
('PS0026', 'C11', 2, 'PP0004'),
('PS0026', 'C12', 3, 'PP0004'),
('PS0026', 'C13', 2, 'PP0004'),
('PS0026', 'C14', 3, 'PP0004'),
('PS0027', 'C01', 2, 'PP0004'),
('PS0027', 'C02', 2, 'PP0004'),
('PS0027', 'C03', 4, 'PP0004'),
('PS0027', 'C04', 2, 'PP0004'),
('PS0027', 'C05', 3, 'PP0004'),
('PS0027', 'C06', 2, 'PP0004'),
('PS0027', 'C07', 1, 'PP0004'),
('PS0027', 'C08', 2, 'PP0004'),
('PS0027', 'C09', 2, 'PP0004'),
('PS0027', 'C10', 2, 'PP0004'),
('PS0027', 'C11', 4, 'PP0004'),
('PS0027', 'C12', 1, 'PP0004'),
('PS0027', 'C13', 3, 'PP0004'),
('PS0027', 'C14', 2, 'PP0004'),
('PS0028', 'C01', 2, 'PP0004'),
('PS0028', 'C02', 2, 'PP0004'),
('PS0028', 'C03', 2, 'PP0004'),
('PS0028', 'C04', 2, 'PP0004'),
('PS0028', 'C05', 2, 'PP0004'),
('PS0028', 'C06', 2, 'PP0004'),
('PS0028', 'C07', 2, 'PP0004'),
('PS0028', 'C08', 3, 'PP0004'),
('PS0028', 'C09', 3, 'PP0004'),
('PS0028', 'C10', 3, 'PP0004'),
('PS0028', 'C11', 2, 'PP0004'),
('PS0028', 'C12', 3, 'PP0004'),
('PS0028', 'C13', 3, 'PP0004'),
('PS0028', 'C14', 3, 'PP0004'),
('PS0029', 'C01', 2, 'PP0004'),
('PS0029', 'C02', 2, 'PP0004'),
('PS0029', 'C03', 3, 'PP0004'),
('PS0029', 'C04', 2, 'PP0004'),
('PS0029', 'C05', 2, 'PP0004'),
('PS0029', 'C06', 3, 'PP0004'),
('PS0029', 'C07', 2, 'PP0004'),
('PS0029', 'C08', 3, 'PP0004'),
('PS0029', 'C09', 4, 'PP0004'),
('PS0029', 'C10', 3, 'PP0004'),
('PS0029', 'C11', 1, 'PP0004'),
('PS0029', 'C12', 2, 'PP0004'),
('PS0029', 'C13', 2, 'PP0004'),
('PS0029', 'C14', 1, 'PP0004'),
('PS0030', 'C01', 3, 'PP0004'),
('PS0030', 'C02', 3, 'PP0004'),
('PS0030', 'C03', 2, 'PP0004'),
('PS0030', 'C04', 2, 'PP0004'),
('PS0030', 'C05', 2, 'PP0004'),
('PS0030', 'C06', 3, 'PP0004'),
('PS0030', 'C07', 2, 'PP0004'),
('PS0030', 'C08', 2, 'PP0004'),
('PS0030', 'C09', 3, 'PP0004'),
('PS0030', 'C10', 2, 'PP0004'),
('PS0030', 'C11', 2, 'PP0004'),
('PS0030', 'C12', 2, 'PP0004'),
('PS0030', 'C13', 3, 'PP0004'),
('PS0030', 'C14', 2, 'PP0004'),
('PS0031', 'C01', 2, 'PP0004'),
('PS0031', 'C02', 2, 'PP0004'),
('PS0031', 'C03', 3, 'PP0004'),
('PS0031', 'C04', 3, 'PP0004'),
('PS0031', 'C05', 2, 'PP0004'),
('PS0031', 'C06', 1, 'PP0004'),
('PS0031', 'C07', 2, 'PP0004'),
('PS0031', 'C08', 2, 'PP0004'),
('PS0031', 'C09', 3, 'PP0004'),
('PS0031', 'C10', 2, 'PP0004'),
('PS0031', 'C11', 2, 'PP0004'),
('PS0031', 'C12', 3, 'PP0004'),
('PS0031', 'C13', 3, 'PP0004'),
('PS0031', 'C14', 2, 'PP0004'),
('PS0032', 'C01', 2, 'PP0004'),
('PS0032', 'C02', 3, 'PP0004'),
('PS0032', 'C03', 1, 'PP0004'),
('PS0032', 'C04', 2, 'PP0004'),
('PS0032', 'C05', 3, 'PP0004'),
('PS0032', 'C06', 2, 'PP0004'),
('PS0032', 'C07', 3, 'PP0004'),
('PS0032', 'C08', 2, 'PP0004'),
('PS0032', 'C09', 2, 'PP0004'),
('PS0032', 'C10', 2, 'PP0004'),
('PS0032', 'C11', 2, 'PP0004'),
('PS0032', 'C12', 2, 'PP0004'),
('PS0032', 'C13', 2, 'PP0004'),
('PS0032', 'C14', 2, 'PP0004'),
('PS0033', 'C01', 2, 'PP0004'),
('PS0033', 'C02', 1, 'PP0004'),
('PS0033', 'C03', 1, 'PP0004'),
('PS0033', 'C04', 2, 'PP0004'),
('PS0033', 'C05', 1, 'PP0004'),
('PS0033', 'C06', 1, 'PP0004'),
('PS0033', 'C07', 3, 'PP0004'),
('PS0033', 'C08', 2, 'PP0004'),
('PS0033', 'C09', 2, 'PP0004'),
('PS0033', 'C10', 3, 'PP0004'),
('PS0033', 'C11', 2, 'PP0004'),
('PS0033', 'C12', 4, 'PP0004'),
('PS0033', 'C13', 3, 'PP0004'),
('PS0033', 'C14', 2, 'PP0004'),
('PS0034', 'C01', 2, 'PP0004'),
('PS0034', 'C02', 2, 'PP0004'),
('PS0034', 'C03', 1, 'PP0004'),
('PS0034', 'C04', 2, 'PP0004'),
('PS0034', 'C05', 2, 'PP0004'),
('PS0034', 'C06', 1, 'PP0004'),
('PS0034', 'C07', 3, 'PP0004'),
('PS0034', 'C08', 3, 'PP0004'),
('PS0034', 'C09', 2, 'PP0004'),
('PS0034', 'C10', 2, 'PP0004'),
('PS0034', 'C11', 2, 'PP0004'),
('PS0034', 'C12', 2, 'PP0004'),
('PS0034', 'C13', 1, 'PP0004'),
('PS0034', 'C14', 3, 'PP0004'),
('PS0035', 'C01', 3, 'PP0004'),
('PS0035', 'C02', 3, 'PP0004'),
('PS0035', 'C03', 3, 'PP0004'),
('PS0035', 'C04', 2, 'PP0004'),
('PS0035', 'C05', 2, 'PP0004'),
('PS0035', 'C06', 3, 'PP0004'),
('PS0035', 'C07', 3, 'PP0004'),
('PS0035', 'C08', 2, 'PP0004'),
('PS0035', 'C09', 3, 'PP0004'),
('PS0035', 'C10', 3, 'PP0004'),
('PS0035', 'C11', 4, 'PP0004'),
('PS0035', 'C12', 4, 'PP0004'),
('PS0035', 'C13', 2, 'PP0004'),
('PS0035', 'C14', 2, 'PP0004'),
('PS0036', 'C01', 2, 'PP0004'),
('PS0036', 'C02', 3, 'PP0004'),
('PS0036', 'C03', 3, 'PP0004'),
('PS0036', 'C04', 2, 'PP0004'),
('PS0036', 'C05', 3, 'PP0004'),
('PS0036', 'C06', 2, 'PP0004'),
('PS0036', 'C07', 2, 'PP0004'),
('PS0036', 'C08', 4, 'PP0004'),
('PS0036', 'C09', 2, 'PP0004'),
('PS0036', 'C10', 2, 'PP0004'),
('PS0036', 'C11', 3, 'PP0004'),
('PS0036', 'C12', 3, 'PP0004'),
('PS0036', 'C13', 3, 'PP0004'),
('PS0036', 'C14', 3, 'PP0004'),
('PS0037', 'C01', 2, 'PP0004'),
('PS0037', 'C02', 2, 'PP0004'),
('PS0037', 'C03', 3, 'PP0004'),
('PS0037', 'C04', 1, 'PP0004'),
('PS0037', 'C05', 2, 'PP0004'),
('PS0037', 'C06', 2, 'PP0004'),
('PS0037', 'C07', 4, 'PP0004'),
('PS0037', 'C08', 3, 'PP0004'),
('PS0037', 'C09', 2, 'PP0004'),
('PS0037', 'C10', 2, 'PP0004'),
('PS0037', 'C11', 2, 'PP0004'),
('PS0037', 'C12', 2, 'PP0004'),
('PS0037', 'C13', 2, 'PP0004'),
('PS0037', 'C14', 2, 'PP0004'),
('PS0038', 'C01', 2, 'PP0004'),
('PS0038', 'C02', 3, 'PP0004'),
('PS0038', 'C03', 3, 'PP0004'),
('PS0038', 'C04', 3, 'PP0004'),
('PS0038', 'C05', 3, 'PP0004'),
('PS0038', 'C06', 3, 'PP0004'),
('PS0038', 'C07', 2, 'PP0004'),
('PS0038', 'C08', 2, 'PP0004'),
('PS0038', 'C09', 2, 'PP0004'),
('PS0038', 'C10', 2, 'PP0004'),
('PS0038', 'C11', 2, 'PP0004'),
('PS0038', 'C12', 2, 'PP0004'),
('PS0038', 'C13', 2, 'PP0004'),
('PS0038', 'C14', 3, 'PP0004'),
('PS0039', 'C01', 3, 'PP0004'),
('PS0039', 'C02', 3, 'PP0004'),
('PS0039', 'C03', 3, 'PP0004'),
('PS0039', 'C04', 2, 'PP0004'),
('PS0039', 'C05', 4, 'PP0004'),
('PS0039', 'C06', 2, 'PP0004'),
('PS0039', 'C07', 2, 'PP0004'),
('PS0039', 'C08', 4, 'PP0004'),
('PS0039', 'C09', 2, 'PP0004'),
('PS0039', 'C10', 3, 'PP0004'),
('PS0039', 'C11', 2, 'PP0004'),
('PS0039', 'C12', 1, 'PP0004'),
('PS0039', 'C13', 2, 'PP0004'),
('PS0039', 'C14', 1, 'PP0004'),
('PS0040', 'C01', 3, 'PP0004'),
('PS0040', 'C02', 2, 'PP0004'),
('PS0040', 'C03', 2, 'PP0004'),
('PS0040', 'C04', 2, 'PP0004'),
('PS0040', 'C05', 2, 'PP0004'),
('PS0040', 'C06', 2, 'PP0004'),
('PS0040', 'C07', 2, 'PP0004'),
('PS0040', 'C08', 1, 'PP0004'),
('PS0040', 'C09', 3, 'PP0004'),
('PS0040', 'C10', 2, 'PP0004'),
('PS0040', 'C11', 1, 'PP0004'),
('PS0040', 'C12', 2, 'PP0004'),
('PS0040', 'C13', 2, 'PP0004'),
('PS0040', 'C14', 2, 'PP0004'),
('PS0041', 'C01', 2, 'PP0004'),
('PS0041', 'C02', 2, 'PP0004'),
('PS0041', 'C03', 3, 'PP0004'),
('PS0041', 'C04', 3, 'PP0004'),
('PS0041', 'C05', 2, 'PP0004'),
('PS0041', 'C06', 2, 'PP0004'),
('PS0041', 'C07', 2, 'PP0004'),
('PS0041', 'C08', 3, 'PP0004'),
('PS0041', 'C09', 2, 'PP0004'),
('PS0041', 'C10', 3, 'PP0004'),
('PS0041', 'C11', 2, 'PP0004'),
('PS0041', 'C12', 2, 'PP0004'),
('PS0041', 'C13', 2, 'PP0004'),
('PS0041', 'C14', 1, 'PP0004'),
('PS0042', 'C01', 2, 'PP0004'),
('PS0042', 'C02', 3, 'PP0004'),
('PS0042', 'C03', 3, 'PP0004'),
('PS0042', 'C04', 3, 'PP0004'),
('PS0042', 'C05', 1, 'PP0004'),
('PS0042', 'C06', 1, 'PP0004'),
('PS0042', 'C07', 2, 'PP0004'),
('PS0042', 'C08', 2, 'PP0004'),
('PS0042', 'C09', 2, 'PP0004'),
('PS0042', 'C10', 2, 'PP0004'),
('PS0042', 'C11', 4, 'PP0004'),
('PS0042', 'C12', 2, 'PP0004'),
('PS0042', 'C13', 2, 'PP0004'),
('PS0042', 'C14', 2, 'PP0004'),
('PS0043', 'C01', 2, 'PP0004'),
('PS0043', 'C02', 1, 'PP0004'),
('PS0043', 'C03', 2, 'PP0004'),
('PS0043', 'C04', 3, 'PP0004'),
('PS0043', 'C05', 3, 'PP0004'),
('PS0043', 'C06', 2, 'PP0004'),
('PS0043', 'C07', 3, 'PP0004'),
('PS0043', 'C08', 2, 'PP0004'),
('PS0043', 'C09', 2, 'PP0004'),
('PS0043', 'C10', 1, 'PP0004'),
('PS0043', 'C11', 2, 'PP0004'),
('PS0043', 'C12', 2, 'PP0004'),
('PS0043', 'C13', 1, 'PP0004'),
('PS0043', 'C14', 2, 'PP0004'),
('PS0044', 'C01', 4, 'PP0004'),
('PS0044', 'C02', 2, 'PP0004'),
('PS0044', 'C03', 2, 'PP0004'),
('PS0044', 'C04', 3, 'PP0004'),
('PS0044', 'C05', 2, 'PP0004'),
('PS0044', 'C06', 2, 'PP0004'),
('PS0044', 'C07', 2, 'PP0004'),
('PS0044', 'C08', 3, 'PP0004'),
('PS0044', 'C09', 2, 'PP0004'),
('PS0044', 'C10', 3, 'PP0004'),
('PS0044', 'C11', 2, 'PP0004'),
('PS0044', 'C12', 2, 'PP0004'),
('PS0044', 'C13', 2, 'PP0004'),
('PS0044', 'C14', 3, 'PP0004'),
('PS0045', 'C01', 3, 'PP0004'),
('PS0045', 'C02', 2, 'PP0004'),
('PS0045', 'C03', 3, 'PP0004'),
('PS0045', 'C04', 3, 'PP0004'),
('PS0045', 'C05', 2, 'PP0004'),
('PS0045', 'C06', 2, 'PP0004'),
('PS0045', 'C07', 2, 'PP0004'),
('PS0045', 'C08', 2, 'PP0004'),
('PS0045', 'C09', 3, 'PP0004'),
('PS0045', 'C10', 2, 'PP0004'),
('PS0045', 'C11', 2, 'PP0004'),
('PS0045', 'C12', 3, 'PP0004'),
('PS0045', 'C13', 3, 'PP0004'),
('PS0045', 'C14', 2, 'PP0004');

-- --------------------------------------------------------

--
-- Table structure for table `nilai_peserta_detail`
--

CREATE TABLE `nilai_peserta_detail` (
  `detail_id` varchar(10) NOT NULL,
  `detail_peserta` varchar(10) NOT NULL,
  `detail_penguji` varchar(10) NOT NULL,
  `detail_periode` varchar(10) DEFAULT NULL,
  `K0101` float NOT NULL,
  `K0102` float NOT NULL,
  `K0103` float NOT NULL,
  `K0104` float NOT NULL,
  `K0105` float NOT NULL,
  `K0106` float NOT NULL,
  `K0201` float NOT NULL,
  `K0202` float NOT NULL,
  `K0203` float NOT NULL,
  `K0204` float NOT NULL,
  `K0205` float NOT NULL,
  `K0206` float NOT NULL,
  `K0301` float NOT NULL,
  `K0302` float NOT NULL,
  `K0303` float NOT NULL,
  `K0304` float NOT NULL,
  `K0401` float NOT NULL,
  `K0402` float NOT NULL,
  `K0403` float NOT NULL,
  `K0404` float NOT NULL,
  `K0405` float NOT NULL,
  `K0406` float NOT NULL,
  `K0407` float NOT NULL,
  `K0408` float NOT NULL,
  `K0409` float NOT NULL,
  `K0410` float NOT NULL,
  `K0411` float NOT NULL,
  `K0501` float NOT NULL,
  `K0502` float NOT NULL,
  `K0503` float NOT NULL,
  `K0504` float NOT NULL,
  `K0505` float NOT NULL,
  `K0506` float NOT NULL,
  `K0507` float NOT NULL,
  `K0601` float NOT NULL,
  `K0602` float NOT NULL,
  `K0603` float NOT NULL,
  `K0604` float NOT NULL,
  `K0605` float NOT NULL,
  `K0606` float NOT NULL,
  `K0701` float NOT NULL,
  `K0702` float NOT NULL,
  `K0703` float NOT NULL,
  `K0704` float NOT NULL,
  `K0705` float NOT NULL,
  `K0801` float NOT NULL,
  `K0802` float NOT NULL,
  `K0803` float NOT NULL,
  `K0804` float NOT NULL,
  `K0805` float NOT NULL,
  `K0901` float NOT NULL,
  `K0902` float NOT NULL,
  `K0903` float NOT NULL,
  `K0904` float NOT NULL,
  `K0905` float NOT NULL,
  `K1001` float NOT NULL,
  `K1002` float NOT NULL,
  `K1003` float NOT NULL,
  `K1004` float NOT NULL,
  `K1005` float NOT NULL,
  `K1006` float NOT NULL,
  `K1007` float NOT NULL,
  `K1008` float NOT NULL,
  `K1101` float NOT NULL,
  `K1102` float NOT NULL,
  `K1103` float NOT NULL,
  `K1201` float NOT NULL,
  `K1202` float NOT NULL,
  `K1203` float NOT NULL,
  `K1301` float NOT NULL,
  `K1302` float NOT NULL,
  `K1303` float NOT NULL,
  `K1401` float NOT NULL,
  `K1402` float NOT NULL,
  `K1403` float NOT NULL,
  `K1404` float NOT NULL,
  `K1405` float NOT NULL,
  `K1406` float NOT NULL,
  `total` float NOT NULL
) ENGINE=InnoDB DEFAULT CHARSET=latin1;

--
-- Dumping data for table `nilai_peserta_detail`
--

INSERT INTO `nilai_peserta_detail` (`detail_id`, `detail_peserta`, `detail_penguji`, `detail_periode`, `K0101`, `K0102`, `K0103`, `K0104`, `K0105`, `K0106`, `K0201`, `K0202`, `K0203`, `K0204`, `K0205`, `K0206`, `K0301`, `K0302`, `K0303`, `K0304`, `K0401`, `K0402`, `K0403`, `K0404`, `K0405`, `K0406`, `K0407`, `K0408`, `K0409`, `K0410`, `K0411`, `K0501`, `K0502`, `K0503`, `K0504`, `K0505`, `K0506`, `K0507`, `K0601`, `K0602`, `K0603`, `K0604`, `K0605`, `K0606`, `K0701`, `K0702`, `K0703`, `K0704`, `K0705`, `K0801`, `K0802`, `K0803`, `K0804`, `K0805`, `K0901`, `K0902`, `K0903`, `K0904`, `K0905`, `K1001`, `K1002`, `K1003`, `K1004`, `K1005`, `K1006`, `K1007`, `K1008`, `K1101`, `K1102`, `K1103`, `K1201`, `K1202`, `K1203`, `K1301`, `K1302`, `K1303`, `K1401`, `K1402`, `K1403`, `K1404`, `K1405`, `K1406`, `total`) VALUES
('PE0001', 'PS0001', 'PJ0001', 'PP0004', 2, 2, 1, 1, 1, 2, 1, 0, 0, 1, 2, 1, 1, 2, 1, 0, 2, 2, 1, 2, 1, 0, 2, 1, 1, 0, 0, 2, 1, 1, 1, 1, 0, 1, 0, 2, 0, 1, 1, 0, 0, 0, 2, 2, 0, 1, 0, 1, 1, 0, 2, 1, 0, 2, 1, 1, 2, 2, 2, 1, 1, 2, 1, 1, 0, 2, 0, 2, 1, 0, 2, 2, 1, 2, 1, 2, 0, 1, 34),
('PE0002', 'PS0002', 'PJ0001', 'PP0004', 1, 0, 2, 2, 1, 2, 1, 1, 0, 1, 1, 0, 1, 0, 0, 1, 0, 2, 2, 1, 0, 0, 1, 2, 0, 1, 2, 1, 0, 2, 1, 2, 2, 2, 2, 2, 1, 1, 1, 1, 0, 1, 0, 1, 2, 2, 1, 2, 2, 2, 1, 0, 2, 1, 1, 0, 0, 1, 1, 1, 0, 2, 2, 1, 0, 0, 1, 2, 1, 1, 0, 2, 0, 1, 1, 1, 0, 0, 31),
('PE0003', 'PS0003', 'PJ0001', 'PP0004', 1, 0, 0, 1, 1, 0, 2, 2, 1, 1, 0, 2, 1, 0, 1, 1, 0, 2, 0, 1, 1, 2, 0, 1, 0, 0, 1, 2, 0, 2, 2, 2, 2, 0, 1, 1, 0, 2, 2, 1, 0, 2, 2, 2, 2, 1, 1, 0, 2, 2, 2, 0, 0, 2, 1, 0, 0, 2, 1, 1, 1, 0, 2, 1, 1, 0, 1, 0, 0, 1, 1, 1, 1, 2, 0, 2, 2, 0, 33),
('PE0004', 'PS0004', 'PJ0001', 'PP0004', 2, 0, 1, 2, 2, 2, 2, 1, 0, 1, 2, 0, 2, 1, 1, 1, 2, 0, 2, 1, 1, 2, 1, 2, 2, 1, 1, 2, 1, 2, 2, 1, 1, 2, 1, 2, 1, 1, 2, 1, 0, 0, 1, 2, 1, 1, 1, 0, 0, 1, 0, 0, 1, 1, 1, 2, 2, 2, 0, 0, 0, 1, 0, 2, 2, 0, 0, 0, 1, 1, 1, 1, 2, 0, 2, 0, 1, 0, 34),
('PE0005', 'PS0005', 'PJ0001', 'PP0004', 2, 1, 2, 1, 1, 0, 1, 0, 2, 2, 0, 0, 2, 2, 1, 0, 1, 1, 0, 2, 1, 2, 2, 1, 0, 1, 2, 0, 1, 1, 1, 0, 1, 2, 0, 0, 2, 1, 0, 1, 1, 2, 0, 1, 0, 2, 0, 1, 0, 1, 1, 1, 1, 1, 0, 0, 2, 2, 0, 0, 1, 0, 2, 2, 1, 1, 1, 1, 0, 2, 0, 2, 1, 2, 1, 2, 2, 2, 35),
('PE0006', 'PS0006', 'PJ0001', 'PP0004', 2, 2, 1, 0, 2, 1, 1, 0, 1, 1, 1, 1, 2, 0, 2, 2, 1, 2, 0, 1, 0, 2, 2, 2, 1, 1, 1, 2, 2, 2, 0, 1, 2, 2, 2, 0, 1, 2, 1, 0, 1, 0, 2, 2, 1, 2, 0, 0, 1, 0, 1, 2, 0, 0, 1, 2, 2, 0, 1, 1, 0, 1, 0, 1, 0, 1, 2, 1, 2, 1, 1, 0, 2, 1, 0, 1, 1, 1, 36),
('PE0007', 'PS0007', 'PJ0001', 'PP0004', 1, 2, 0, 2, 0, 2, 1, 1, 1, 1, 0, 2, 2, 1, 2, 0, 2, 0, 1, 1, 0, 2, 2, 1, 1, 2, 1, 2, 1, 1, 2, 0, 0, 1, 1, 1, 0, 1, 2, 0, 1, 1, 0, 1, 1, 0, 0, 0, 1, 2, 1, 2, 0, 2, 0, 1, 1, 1, 2, 1, 1, 0, 1, 0, 2, 2, 1, 2, 2, 0, 1, 2, 0, 2, 2, 2, 0, 1, 35),
('PE0008', 'PS0008', 'PJ0001', 'PP0004', 2, 1, 0, 2, 0, 0, 0, 2, 1, 1, 1, 0, 1, 1, 1, 1, 0, 1, 0, 2, 2, 2, 1, 0, 1, 1, 2, 2, 2, 2, 2, 2, 2, 0, 2, 1, 2, 0, 0, 2, 0, 1, 0, 2, 1, 1, 1, 2, 2, 2, 0, 1, 1, 2, 1, 1, 0, 1, 1, 2, 1, 1, 0, 0, 1, 0, 1, 2, 1, 1, 1, 1, 1, 1, 1, 1, 1, 1, 34),
('PE0009', 'PS0009', 'PJ0001', 'PP0004', 2, 1, 0, 0, 0, 1, 0, 1, 2, 2, 2, 2, 2, 1, 1, 0, 2, 0, 2, 0, 2, 1, 0, 0, 1, 2, 2, 1, 2, 1, 1, 2, 2, 1, 1, 0, 0, 2, 2, 0, 1, 1, 1, 0, 2, 1, 0, 2, 2, 0, 2, 0, 2, 0, 0, 1, 1, 2, 2, 1, 1, 2, 1, 0, 2, 1, 2, 1, 1, 2, 0, 0, 0, 1, 0, 2, 1, 0, 33),
('PE0010', 'PS0010', 'PJ0001', 'PP0004', 1, 1, 0, 2, 1, 2, 2, 2, 0, 1, 1, 1, 2, 2, 1, 0, 0, 0, 1, 0, 2, 1, 1, 2, 1, 2, 1, 1, 0, 0, 2, 1, 1, 1, 2, 2, 0, 0, 2, 2, 1, 0, 1, 2, 2, 0, 1, 2, 0, 0, 0, 2, 2, 2, 0, 1, 2, 1, 0, 0, 1, 1, 0, 1, 2, 0, 1, 2, 0, 0, 2, 0, 2, 2, 1, 1, 2, 1, 35),
('PE0011', 'PS0011', 'PJ0001', 'PP0004', 0, 2, 2, 0, 0, 0, 2, 1, 0, 2, 0, 0, 2, 0, 1, 2, 1, 2, 2, 0, 0, 2, 2, 2, 1, 0, 0, 0, 1, 2, 1, 0, 0, 1, 0, 0, 2, 0, 2, 0, 0, 1, 0, 0, 0, 2, 2, 1, 1, 1, 0, 2, 0, 1, 0, 1, 0, 1, 1, 0, 2, 1, 2, 2, 1, 0, 0, 2, 2, 2, 0, 1, 0, 0, 2, 1, 0, 2, 31),
('PE0012', 'PS0012', 'PJ0001', 'PP0004', 2, 2, 0, 2, 1, 0, 2, 0, 1, 0, 1, 0, 2, 2, 2, 1, 2, 0, 2, 2, 2, 0, 1, 0, 2, 2, 0, 0, 0, 1, 1, 1, 2, 0, 0, 2, 2, 2, 0, 1, 0, 0, 0, 2, 1, 2, 0, 1, 2, 0, 0, 2, 1, 0, 2, 1, 1, 2, 1, 0, 1, 1, 1, 0, 1, 2, 0, 0, 0, 1, 0, 2, 2, 0, 2, 0, 0, 0, 32),
('PE0013', 'PS0013', 'PJ0001', 'PP0004', 1, 1, 1, 1, 2, 2, 2, 0, 2, 0, 0, 1, 0, 0, 2, 1, 1, 2, 2, 2, 0, 1, 2, 2, 1, 1, 1, 0, 2, 1, 2, 2, 0, 1, 0, 0, 0, 2, 1, 2, 0, 1, 1, 0, 2, 1, 0, 0, 2, 2, 2, 0, 2, 0, 1, 2, 1, 1, 2, 1, 2, 0, 2, 2, 0, 1, 1, 0, 1, 2, 1, 2, 1, 1, 1, 0, 0, 0, 33),
('PE0014', 'PS0014', 'PJ0001', 'PP0004', 0, 1, 1, 0, 0, 2, 1, 0, 2, 2, 0, 0, 2, 1, 1, 2, 0, 0, 2, 2, 1, 2, 0, 0, 0, 1, 1, 1, 2, 1, 2, 2, 0, 0, 1, 1, 2, 1, 1, 1, 2, 2, 1, 0, 0, 0, 1, 2, 1, 1, 2, 2, 2, 0, 0, 2, 1, 1, 2, 0, 0, 1, 1, 0, 0, 0, 2, 1, 1, 2, 1, 0, 0, 1, 2, 0, 1, 1, 32),
('PE0015', 'PS0015', 'PJ0001', 'PP0004', 2, 1, 0, 0, 2, 1, 1, 2, 0, 0, 0, 0, 2, 0, 1, 2, 1, 0, 1, 2, 0, 0, 0, 0, 0, 0, 2, 1, 0, 1, 2, 2, 0, 0, 0, 2, 1, 1, 0, 1, 1, 2, 0, 0, 0, 1, 1, 0, 2, 0, 1, 1, 0, 0, 2, 2, 2, 1, 2, 2, 0, 2, 2, 0, 0, 2, 2, 1, 2, 2, 1, 2, 2, 1, 1, 0, 2, 2, 35),
('PE0016', 'PS0016', 'PJ0001', 'PP0004', 2, 0, 0, 0, 1, 2, 0, 1, 1, 2, 2, 0, 2, 0, 1, 1, 1, 2, 0, 2, 0, 1, 0, 0, 2, 2, 0, 2, 1, 0, 2, 1, 2, 0, 1, 1, 0, 2, 2, 0, 0, 2, 1, 1, 1, 1, 0, 0, 0, 2, 0, 0, 1, 2, 2, 1, 1, 2, 0, 1, 1, 1, 0, 2, 2, 0, 0, 2, 1, 1, 1, 1, 2, 2, 0, 2, 0, 0, 30),
('PE0017', 'PS0017', 'PJ0001', 'PP0004', 1, 0, 1, 0, 1, 2, 2, 2, 1, 1, 1, 1, 0, 1, 0, 1, 2, 0, 2, 0, 0, 0, 0, 2, 1, 1, 2, 1, 0, 0, 1, 1, 1, 2, 0, 2, 2, 2, 2, 0, 0, 0, 0, 2, 1, 1, 2, 1, 1, 1, 2, 1, 2, 0, 0, 1, 1, 0, 1, 1, 0, 2, 1, 2, 1, 1, 2, 0, 1, 0, 0, 0, 0, 0, 1, 0, 1, 1, 29),
('PE0018', 'PS0018', 'PJ0001', 'PP0004', 0, 0, 2, 0, 1, 0, 2, 2, 2, 1, 0, 0, 0, 2, 2, 1, 2, 1, 2, 1, 1, 2, 2, 1, 2, 1, 1, 1, 2, 1, 1, 2, 1, 2, 0, 0, 1, 0, 1, 1, 1, 0, 1, 2, 0, 1, 2, 0, 1, 2, 2, 0, 1, 2, 0, 0, 2, 2, 0, 0, 1, 0, 2, 2, 1, 0, 0, 2, 0, 2, 2, 1, 2, 2, 1, 0, 0, 2, 34),
('PE0019', 'PS0019', 'PJ0001', 'PP0004', 1, 0, 0, 1, 1, 0, 1, 1, 0, 1, 2, 2, 0, 1, 2, 2, 2, 1, 0, 1, 2, 0, 1, 2, 2, 2, 0, 0, 1, 0, 0, 0, 1, 1, 1, 1, 0, 2, 2, 1, 1, 0, 1, 2, 2, 1, 2, 1, 1, 2, 1, 1, 0, 1, 0, 0, 0, 2, 1, 0, 1, 2, 2, 2, 0, 0, 1, 0, 0, 0, 0, 2, 2, 2, 2, 0, 1, 0, 32),
('PE0020', 'PS0020', 'PJ0001', 'PP0004', 1, 0, 1, 1, 1, 1, 2, 0, 0, 1, 1, 1, 1, 2, 2, 1, 2, 0, 1, 2, 0, 2, 0, 0, 0, 2, 1, 2, 1, 1, 0, 1, 0, 1, 2, 1, 1, 0, 0, 2, 2, 0, 1, 2, 2, 1, 2, 2, 1, 1, 2, 2, 0, 0, 1, 0, 0, 1, 0, 2, 0, 2, 0, 1, 0, 2, 1, 0, 0, 0, 0, 1, 0, 1, 0, 0, 1, 1, 28),
('PE0021', 'PS0021', 'PJ0001', 'PP0004', 2, 0, 2, 0, 1, 1, 2, 1, 2, 1, 1, 2, 2, 0, 0, 0, 0, 1, 0, 2, 0, 0, 1, 2, 0, 1, 2, 1, 1, 2, 2, 0, 1, 0, 1, 2, 1, 0, 2, 1, 0, 0, 1, 2, 0, 1, 1, 1, 1, 0, 2, 2, 1, 1, 0, 1, 1, 0, 1, 0, 2, 2, 2, 1, 0, 1, 0, 1, 1, 1, 1, 2, 1, 2, 2, 2, 1, 2, 34),
('PE0022', 'PS0022', 'PJ0001', 'PP0004', 0, 0, 1, 2, 1, 1, 2, 1, 1, 1, 2, 0, 1, 2, 1, 1, 1, 0, 0, 1, 1, 2, 0, 0, 0, 1, 1, 1, 0, 0, 0, 2, 1, 0, 1, 1, 0, 2, 0, 1, 1, 1, 2, 1, 0, 0, 0, 2, 1, 0, 2, 1, 1, 1, 1, 0, 0, 0, 0, 2, 0, 0, 0, 1, 1, 1, 2, 1, 1, 2, 0, 1, 0, 2, 2, 1, 1, 0, 31),
('PE0023', 'PS0023', 'PJ0001', 'PP0004', 0, 0, 1, 2, 1, 1, 1, 2, 0, 0, 1, 1, 1, 0, 0, 0, 0, 1, 0, 1, 1, 2, 1, 1, 0, 1, 1, 1, 1, 0, 0, 2, 0, 1, 0, 0, 0, 0, 1, 2, 1, 2, 2, 0, 2, 1, 2, 0, 0, 0, 1, 0, 0, 2, 0, 1, 0, 1, 0, 1, 1, 0, 1, 0, 0, 0, 2, 2, 2, 0, 1, 1, 2, 1, 0, 2, 2, 2, 29),
('PE0024', 'PS0024', 'PJ0001', 'PP0004', 0, 2, 2, 1, 1, 0, 2, 1, 2, 2, 0, 0, 0, 1, 0, 1, 2, 1, 1, 2, 2, 0, 2, 2, 2, 0, 2, 2, 2, 2, 1, 1, 1, 1, 1, 0, 0, 0, 0, 2, 0, 0, 1, 2, 1, 2, 2, 1, 0, 0, 0, 1, 2, 0, 0, 1, 1, 2, 1, 1, 2, 1, 2, 0, 1, 1, 1, 1, 0, 2, 2, 2, 0, 2, 1, 0, 2, 0, 32),
('PE0025', 'PS0025', 'PJ0001', 'PP0004', 2, 1, 0, 2, 1, 2, 0, 1, 2, 1, 1, 1, 2, 0, 2, 0, 0, 0, 1, 2, 2, 2, 0, 2, 1, 0, 0, 0, 1, 2, 2, 2, 0, 1, 2, 2, 2, 1, 0, 1, 1, 0, 2, 0, 1, 1, 2, 2, 0, 0, 2, 2, 1, 2, 1, 1, 1, 2, 1, 0, 2, 2, 2, 1, 1, 2, 1, 1, 1, 0, 2, 0, 0, 1, 0, 0, 1, 1, 34),
('PE0026', 'PS0026', 'PJ0001', 'PP0004', 2, 0, 2, 2, 1, 0, 2, 2, 2, 2, 2, 0, 1, 1, 0, 1, 2, 1, 2, 1, 2, 1, 0, 0, 2, 0, 0, 2, 2, 2, 0, 1, 0, 0, 1, 2, 2, 1, 0, 0, 2, 0, 0, 0, 2, 1, 2, 2, 1, 1, 1, 2, 0, 0, 0, 0, 2, 1, 0, 1, 2, 1, 0, 0, 2, 0, 2, 1, 1, 2, 0, 1, 2, 0, 0, 1, 2, 2, 34),
('PE0027', 'PS0027', 'PJ0001', 'PP0004', 0, 2, 1, 1, 2, 0, 2, 0, 0, 1, 1, 0, 2, 2, 2, 2, 0, 2, 1, 2, 1, 0, 1, 1, 2, 1, 0, 2, 2, 0, 2, 2, 2, 0, 0, 0, 2, 1, 0, 2, 1, 0, 0, 1, 0, 2, 2, 0, 0, 0, 1, 0, 1, 1, 0, 0, 2, 0, 2, 0, 2, 1, 0, 2, 2, 2, 0, 1, 0, 2, 1, 1, 1, 0, 0, 2, 2, 0, 32),
('PE0028', 'PS0028', 'PJ0001', 'PP0004', 0, 0, 1, 0, 1, 2, 1, 2, 0, 1, 1, 1, 2, 0, 0, 2, 0, 1, 0, 1, 1, 1, 2, 0, 1, 2, 1, 0, 1, 2, 0, 1, 0, 1, 0, 1, 2, 0, 2, 0, 0, 2, 1, 1, 0, 1, 2, 2, 1, 1, 2, 1, 2, 0, 2, 1, 2, 0, 2, 2, 2, 2, 1, 0, 1, 2, 2, 0, 2, 2, 1, 1, 2, 2, 1, 1, 2, 0, 34),
('PE0029', 'PS0029', 'PJ0001', 'PP0004', 1, 1, 0, 0, 2, 0, 1, 2, 0, 1, 2, 0, 2, 1, 2, 1, 2, 0, 0, 2, 2, 0, 0, 2, 0, 2, 1, 1, 2, 2, 1, 0, 0, 1, 2, 0, 2, 2, 0, 1, 2, 2, 1, 0, 0, 0, 2, 1, 2, 1, 2, 2, 0, 2, 2, 2, 1, 2, 2, 0, 2, 2, 0, 0, 1, 0, 1, 1, 0, 2, 0, 1, 0, 0, 0, 1, 2, 0, 32),
('PE0030', 'PS0030', 'PJ0001', 'PP0004', 2, 2, 1, 0, 2, 0, 0, 2, 2, 2, 1, 0, 0, 1, 1, 2, 0, 2, 0, 0, 2, 0, 1, 0, 2, 0, 2, 1, 0, 0, 2, 1, 1, 1, 2, 1, 2, 1, 0, 1, 0, 1, 0, 1, 2, 1, 0, 0, 2, 0, 1, 2, 0, 2, 1, 0, 0, 1, 1, 0, 1, 2, 2, 0, 1, 1, 0, 2, 1, 2, 0, 2, 1, 1, 0, 2, 0, 2, 33),
('PE0031', 'PS0031', 'PJ0001', 'PP0004', 2, 0, 0, 0, 0, 2, 2, 2, 0, 2, 0, 0, 1, 2, 2, 0, 2, 2, 0, 2, 0, 2, 1, 2, 2, 2, 1, 0, 1, 1, 1, 1, 1, 1, 0, 0, 2, 1, 0, 0, 2, 0, 1, 0, 2, 1, 1, 0, 2, 0, 0, 2, 2, 2, 1, 0, 1, 0, 1, 2, 0, 2, 1, 0, 0, 2, 1, 2, 1, 2, 2, 0, 2, 0, 2, 0, 0, 0, 32),
('PE0032', 'PS0032', 'PJ0001', 'PP0004', 1, 2, 2, 0, 1, 0, 2, 2, 2, 2, 0, 1, 0, 0, 1, 0, 2, 0, 1, 0, 1, 0, 0, 2, 2, 1, 0, 2, 0, 2, 2, 0, 2, 1, 1, 1, 2, 1, 0, 1, 2, 0, 2, 0, 2, 1, 1, 1, 0, 2, 1, 0, 2, 0, 2, 2, 0, 2, 1, 0, 1, 0, 0, 0, 2, 1, 2, 0, 0, 2, 1, 0, 1, 2, 0, 0, 1, 1, 30),
('PE0033', 'PS0033', 'PJ0001', 'PP0004', 2, 0, 0, 2, 0, 1, 0, 0, 1, 0, 2, 0, 0, 0, 0, 0, 2, 0, 0, 0, 1, 1, 2, 0, 2, 0, 0, 1, 1, 0, 1, 0, 0, 0, 0, 0, 0, 0, 1, 2, 2, 1, 1, 1, 2, 1, 0, 2, 0, 2, 0, 1, 1, 1, 2, 1, 1, 2, 1, 2, 2, 1, 0, 0, 1, 2, 2, 2, 1, 2, 2, 0, 2, 0, 0, 2, 1, 1, 29),
('PE0034', 'PS0034', 'PJ0001', 'PP0004', 1, 2, 0, 1, 2, 0, 0, 0, 1, 1, 2, 0, 0, 0, 0, 2, 0, 0, 0, 2, 2, 0, 1, 0, 0, 1, 2, 0, 1, 2, 0, 2, 1, 0, 0, 1, 0, 1, 0, 0, 2, 0, 0, 2, 2, 0, 2, 2, 1, 2, 0, 1, 2, 2, 0, 0, 0, 0, 1, 2, 1, 2, 0, 1, 2, 0, 2, 0, 0, 1, 0, 0, 2, 1, 1, 2, 1, 2, 28),
('PE0035', 'PS0035', 'PJ0001', 'PP0004', 1, 0, 2, 2, 1, 2, 0, 2, 1, 2, 2, 2, 2, 1, 2, 0, 1, 2, 1, 1, 1, 0, 1, 1, 1, 0, 2, 1, 0, 0, 2, 0, 1, 2, 0, 1, 2, 2, 2, 1, 1, 2, 0, 2, 1, 0, 1, 0, 2, 2, 2, 1, 1, 1, 1, 2, 2, 1, 2, 1, 1, 2, 0, 2, 2, 1, 1, 2, 2, 0, 0, 2, 0, 1, 0, 2, 2, 0, 39),
('PE0036', 'PS0036', 'PJ0001', 'PP0004', 2, 2, 0, 0, 2, 0, 0, 0, 1, 2, 2, 2, 1, 1, 2, 1, 0, 0, 0, 1, 1, 2, 1, 0, 0, 1, 2, 0, 1, 1, 1, 2, 2, 2, 2, 2, 0, 1, 1, 0, 0, 1, 2, 2, 0, 2, 2, 1, 1, 2, 2, 2, 0, 1, 0, 2, 0, 2, 1, 0, 0, 2, 1, 2, 0, 2, 2, 0, 2, 1, 2, 1, 1, 2, 2, 1, 0, 1, 37),
('PE0037', 'PS0037', 'PJ0001', 'PP0004', 2, 1, 1, 0, 0, 1, 1, 0, 1, 0, 2, 2, 2, 2, 0, 1, 0, 0, 0, 1, 1, 0, 0, 0, 1, 0, 0, 1, 0, 0, 1, 0, 1, 2, 0, 2, 1, 1, 0, 0, 2, 2, 0, 2, 2, 2, 1, 2, 1, 1, 0, 2, 1, 1, 1, 0, 2, 1, 0, 0, 1, 2, 0, 2, 0, 0, 2, 0, 0, 0, 2, 1, 1, 2, 0, 0, 0, 1, 31),
('PE0038', 'PS0038', 'PJ0001', 'PP0004', 1, 0, 2, 2, 1, 0, 0, 1, 2, 2, 2, 1, 2, 0, 2, 1, 2, 2, 0, 1, 1, 1, 0, 2, 2, 2, 0, 2, 0, 0, 1, 1, 2, 2, 0, 2, 1, 2, 2, 0, 0, 1, 0, 0, 2, 2, 2, 0, 0, 1, 0, 1, 0, 1, 2, 1, 1, 0, 2, 0, 2, 0, 2, 1, 1, 0, 0, 2, 0, 2, 0, 1, 0, 2, 0, 2, 2, 2, 34),
('PE0039', 'PS0039', 'PJ0001', 'PP0004', 2, 2, 2, 0, 0, 2, 2, 2, 2, 1, 2, 0, 2, 1, 0, 2, 2, 1, 2, 1, 2, 0, 0, 1, 1, 0, 0, 1, 2, 0, 2, 2, 2, 2, 1, 1, 0, 1, 2, 1, 0, 2, 1, 0, 0, 1, 1, 2, 2, 2, 1, 0, 1, 2, 0, 0, 2, 0, 2, 2, 1, 2, 2, 2, 0, 0, 0, 1, 0, 1, 1, 0, 0, 2, 0, 0, 0, 0, 34),
('PE0040', 'PS0040', 'PJ0001', 'PP0004', 2, 1, 1, 1, 1, 1, 0, 1, 2, 0, 0, 1, 2, 0, 2, 0, 2, 1, 1, 0, 1, 2, 1, 0, 0, 0, 0, 1, 0, 0, 2, 2, 0, 2, 2, 1, 1, 0, 1, 0, 0, 1, 1, 1, 1, 0, 1, 0, 1, 0, 1, 2, 1, 1, 1, 0, 1, 2, 0, 0, 2, 2, 0, 0, 0, 1, 0, 1, 2, 2, 0, 0, 2, 0, 2, 0, 0, 0, 28),
('PE0041', 'PS0041', 'PJ0001', 'PP0004', 2, 0, 2, 0, 2, 0, 0, 2, 2, 0, 0, 0, 1, 1, 2, 2, 0, 1, 1, 1, 2, 1, 2, 2, 2, 1, 0, 0, 1, 1, 0, 0, 1, 2, 1, 0, 2, 0, 0, 2, 1, 2, 0, 0, 1, 1, 2, 2, 1, 0, 0, 2, 1, 1, 1, 1, 2, 2, 1, 0, 1, 1, 2, 2, 1, 0, 1, 1, 1, 0, 1, 2, 0, 0, 0, 2, 0, 1, 31),
('PE0042', 'PS0042', 'PJ0001', 'PP0004', 1, 1, 0, 1, 2, 0, 1, 1, 1, 2, 2, 2, 1, 2, 2, 1, 1, 1, 2, 0, 2, 1, 2, 1, 1, 1, 1, 2, 0, 0, 1, 0, 0, 0, 0, 0, 0, 0, 2, 1, 2, 1, 2, 0, 0, 2, 2, 1, 0, 0, 2, 1, 0, 0, 0, 2, 1, 2, 1, 0, 1, 0, 0, 2, 2, 1, 2, 1, 0, 0, 2, 1, 0, 1, 0, 2, 2, 0, 31),
('PE0043', 'PS0043', 'PJ0001', 'PP0004', 1, 2, 1, 1, 1, 0, 1, 0, 0, 0, 1, 0, 0, 2, 1, 1, 1, 1, 1, 2, 2, 1, 1, 2, 0, 0, 1, 2, 2, 0, 2, 0, 2, 1, 0, 0, 1, 1, 2, 1, 2, 0, 2, 2, 1, 0, 2, 2, 0, 0, 0, 0, 0, 1, 2, 0, 2, 1, 1, 0, 0, 0, 0, 1, 0, 2, 1, 1, 1, 0, 1, 0, 0, 1, 0, 1, 1, 1, 28),
('PE0044', 'PS0044', 'PJ0001', 'PP0004', 2, 2, 2, 2, 2, 2, 2, 0, 1, 1, 2, 0, 0, 2, 1, 0, 0, 2, 1, 2, 0, 1, 2, 2, 0, 2, 2, 0, 1, 0, 1, 2, 0, 1, 0, 1, 2, 0, 1, 2, 2, 1, 0, 1, 1, 1, 0, 2, 2, 2, 0, 0, 1, 0, 2, 1, 2, 1, 2, 2, 2, 0, 2, 0, 1, 1, 2, 0, 1, 1, 2, 0, 2, 0, 2, 2, 1, 2, 34),
('PE0045', 'PS0045', 'PJ0001', 'PP0004', 0, 1, 2, 2, 2, 2, 2, 1, 0, 0, 2, 0, 1, 2, 0, 2, 1, 2, 2, 0, 2, 2, 0, 1, 1, 1, 0, 0, 1, 2, 1, 1, 1, 1, 0, 0, 1, 0, 2, 1, 0, 0, 1, 0, 2, 0, 1, 2, 2, 0, 2, 0, 2, 0, 2, 0, 0, 1, 1, 2, 1, 1, 0, 1, 0, 1, 2, 0, 2, 1, 2, 1, 0, 1, 2, 2, 0, 0, 34);

-- --------------------------------------------------------

--
-- Table structure for table `penguji`
--

CREATE TABLE `penguji` (
  `penguji_id` varchar(10) NOT NULL,
  `penguji_nama` varchar(100) NOT NULL,
  `penguji_nuptk` varchar(100) DEFAULT NULL,
  `username` varchar(100) NOT NULL,
  `password` varchar(100) NOT NULL
) ENGINE=InnoDB DEFAULT CHARSET=latin1;

--
-- Dumping data for table `penguji`
--

INSERT INTO `penguji` (`penguji_id`, `penguji_nama`, `penguji_nuptk`, `username`, `password`) VALUES
('PJ0001', 'Andreas Setiyono, S.Pd.Gr., M.Kom', '0796071420', 'admin1', 'e00cf25ad42683b3df678c61f42c6bda'),
('PJ0002', 'M. Ichsan Wibowo, S.Hum.Gr', '0796101429', 'admin2', '21232f297a57a5a743894a0e4a801fc3'),
('PJ0003', 'Heni Hidayah, S.Pd., M.Pd.Gr', '0796071422', 'admin3', '32cacb2f994f6b42183a1300d9a3e8d6'),
('PJ0004', 'Binti Saniatul Munawaroh, M.Pd.Gr', '0796121445', 'admin4', 'fc1ebc848e31e0a68e868432225e3c82'),
('PJ0005', 'Hadi Susanto, S.Hum', '0796111441', 'admin5', '26a91342190d515231d7238b0c5438e1');

-- --------------------------------------------------------

--
-- Table structure for table `periode`
--

CREATE TABLE `periode` (
  `periode_id` varchar(10) NOT NULL,
  `periode_tglawal` date NOT NULL,
  `periode_tglakhir` date NOT NULL
) ENGINE=InnoDB DEFAULT CHARSET=latin1;

--
-- Dumping data for table `periode`
--

INSERT INTO `periode` (`periode_id`, `periode_tglawal`, `periode_tglakhir`) VALUES
('PP0001', '2020-07-01', '2020-12-31'),
('PP0002', '2021-07-01', '2021-12-31'),
('PP0003', '2022-07-01', '2022-12-31'),
('PP0004', '2023-07-01', '2023-12-31');

-- --------------------------------------------------------

--
-- Table structure for table `peserta`
--

CREATE TABLE `peserta` (
  `peserta_id` varchar(10) NOT NULL,
  `peserta_nama` varchar(100) NOT NULL,
  `peserta_nuptk` varchar(100) DEFAULT NULL,
  `peserta_jk` varchar(100) DEFAULT NULL,
  `peserta_instansi` varchar(10) DEFAULT NULL,
  `peserta_matpel` varchar(100) DEFAULT NULL,
  `peserta_masa_kerja` varchar(100) DEFAULT NULL
) ENGINE=InnoDB DEFAULT CHARSET=latin1;

--
-- Dumping data for table `peserta`
--

INSERT INTO `peserta` (`peserta_id`, `peserta_nama`, `peserta_nuptk`, `peserta_jk`, `peserta_instansi`, `peserta_matpel`, `peserta_masa_kerja`) VALUES
('PS0001', 'Hj. Noor Jehhan, M.Pd.I', '0796061412', '2', 'INS0001', 'Bahasa Indonesia', '224'),
('PS0002', 'Hj. Sri  Yudiyanti, S.Pd.', '0796061413', '2', 'INS0001', 'Ilmu Pengetahuan Alam dan Sosial', '224'),
('PS0003', 'Achmad Efendi, S.Hum.', '0796071421', '1', 'INS0001', 'Pendidikan Agama dan Budi Pekerti', '206'),
('PS0004', 'Heni Hidayah, S.Pd., M.Pd.Gr', '0796071422', '2', 'INS0001', 'Bahasa Inggris', '206'),
('PS0005', 'Amiruddin Nahdliyan, S.Hum.Gr., S.Pd', '0796081425', '1', 'INS0001', 'Bahasa Indonesia', '192'),
('PS0006', 'Herlina Tri Pambudiati, S.Pd., S.Pd.Gr', '0796091427', '2', 'INS0001', 'Pendidikan Pancasila dan Kewarganegaraan', '187'),
('PS0007', 'M. Ichsan Wibowo, S.Hum.Gr', '0796101429', '1', 'INS0001', 'Bahasa Inggris', '176'),
('PS0008', 'Diah Anita Ludfiana, S.Pd., S.Pd.SD', '0796101431', '2', 'INS0001', 'Bahasa Indonesia', '174'),
('PS0009', 'Muhammad Firmansyah, S.S., S.Pd', '0796101435', '1', 'INS0001', 'Bahasa Indonesia', '169'),
('PS0010', 'Mutaahirotul Hidayati, S.Pd.', '0796121446', '2', 'INS0001', 'Bahasa Indonesia', '157'),
('PS0011', 'Ghoniyur Rohman, S.Pd.Gr', '0796111440', '1', 'INS0001', 'Pendidikan Pancasila', '157'),
('PS0012', 'Hadi Susanto, S.Hum', '0796111441', '1', 'INS0001', 'Pendidikan Agama dan Budi Pekerti', '157'),
('PS0013', 'Binti Saniatul Munawaroh, M.Pd.Gr', '0796121445', '2', 'INS0001', 'Bahasa Inggris', '146'),
('PS0014', 'Mutaahirotul Hidayati, S.Pd.', '0796121446', '2', 'INS0001', 'Ilmu Pengetahuan Alam dan Sosial', '146'),
('PS0015', 'Risas Wahyudi, S.Pd', '0796121447', '1', 'INS0001', 'Pendidikan Jasmani Olahraga dan Kesehatan', '145'),
('PS0016', 'Sri Subakti, S.Pd.SD.Gr.', '0796121449', '2', 'INS0001', 'Seni Budaya', '144'),
('PS0017', 'Lailatul Munawaroh, S.Pd., S.Pd.', '0796121452', '2', 'INS0001', 'Seni Budaya', '143'),
('PS0018', 'Masruhan, M.Pd I.', '0796121453', '1', 'INS0001', 'Pendidikan Agama dan Budi Pekerti', '143'),
('PS0019', 'Ika Wijayanti, S.AB., S.Pd.', '0796141459', '2', 'INS0001', 'Seni Budaya', '132'),
('PS0020', 'Davies Yudisno, S.S.Gr., S.Pd.', '0796141462', '1', 'INS0001', 'Pendidikan Pancasila', '127'),
('PS0021', 'Elvera Rosana Ekowati, S.Pd.I, M.Pd.Gr', '0796141463', '2', 'INS0001', 'Matematika', '125'),
('PS0022', 'Arif Nur Rahman, S.S., M.Pd', '0796141464', '1', 'INS0001', 'Pendidikan Agama dan Budi Pekerti', '123'),
('PS0023', 'Imarotul Muhibbah, S.Si., M.Pd.Gr', '0796141465', '2', 'INS0001', 'Matematika', '123'),
('PS0024', 'Ucik Sriwahyuni, S.Pd., S.Pd.', '0796151468', '2', 'INS0001', 'Ilmu Pengetahuan Alam dan Sosial', '119'),
('PS0025', 'Mokh. Danny Permata Utomo, S.Pd.Gr', '0796151471', '1', 'INS0001', 'Pendidikan Jasmani Olahraga dan Kesehatan', '111'),
('PS0026', 'Aning Masyrufatin Furoida, S.Pd.I., S.Pd.Gr', '0796151472', '2', 'INS0001', 'Seni Budaya', '109'),
('PS0027', 'Miftakhul Jannah, S.Pd., S.Pd.Gr', '0796161488', '2', 'INS0001', 'Bahasa Indonesia', '95'),
('PS0028', 'Nur Risky Marsa Romadhona, S.Pd., S.Pd.Gr', '0796161489', '2', 'INS0001', 'Matematika', '95'),
('PS0029', 'Paramita Puri Anggraini, S.Pd., S.Pd.', '0796171498', '2', 'INS0001', 'Seni Budaya', '86'),
('PS0030', 'Romadhoniar Fitri Aini, S.Pd.I., S.Pd.', '0796171494', '2', 'INS0001', 'Bahasa Indonesia', '86'),
('PS0031', 'Jaronah, S.Pd.I', '07961714100', '2', 'INS0001', 'Pendidikan Agama dan Budi Pekerti', '86'),
('PS0032', 'Anis Amilia, S.Pd.I', '0796171499', '2', 'INS0001', 'Pendidikan Pancasila', '86'),
('PS0033', 'Nihayatul Hasanah, S.Pd., S.Pd.', '07961814106', '2', 'INS0001', 'Matematika', '80'),
('PS0034', 'Moch. Yusroni, S.Pd., S.Pd.', '07961814107', '1', 'INS0001', 'Matematika', '80'),
('PS0035', 'Kusnia, S.Pd.I', '07961814110', '2', 'INS0001', 'Pendidikan Pancasila', '72'),
('PS0036', 'Desi Ratnasari, S.Pd', '07961814111', '2', 'INS0001', 'Ilmu Pengetahuan Alam dan Sosial', '72'),
('PS0037', 'Desty Ariani Mutiara, S.Pd., S.Pd.', '07961814113', '2', 'INS0001', 'Bahasa Jawa', '72'),
('PS0038', 'Retno Sugiarti, M.Pd', '07961814114', '2', 'INS0001', 'Pendidikan Agama dan Budi Pekerti', '71'),
('PS0039', 'Puri Wiranti, S.Pd.', '07961914131', '2', 'INS0001', 'Matematika', '60'),
('PS0040', 'Irma Wahyu Putri Yoditya, S.Pd.', '07961914132', '2', 'INS0001', 'Bahasa Jawa', '60'),
('PS0041', 'Denada Efrilia, S.Pd.', '07961914151', '2', 'INS0001', 'Ilmu Pengetahuan Alam dan Sosial', '58'),
('PS0042', 'Mohamad Nurahman, S.Pd.I., M.Pd', '07961914149', '1', 'INS0001', 'Pendidikan Pancasila', '54'),
('PS0043', 'Gita Noviria, S.Pd', '07961914147', '2', 'INS0001', 'Bahasa Indonesia', '49'),
('PS0044', 'Dara Eges Nuryana, S.Pd', '07962114168', '2', 'INS0001', 'Bahasa Indonesia', '37'),
('PS0045', 'Ainur Rifqi, S.Pd', '07962114171', '1', 'INS0001', 'Ilmu Pengetahuan Alam dan Sosial', '36');

--
-- Indexes for dumped tables
--

--
-- Indexes for table `ahp_ir`
--
ALTER TABLE `ahp_ir`
  ADD PRIMARY KEY (`ahp_jumlah`);

--
-- Indexes for table `bobot`
--
ALTER TABLE `bobot`
  ADD PRIMARY KEY (`bobot_id`);

--
-- Indexes for table `hasil`
--
ALTER TABLE `hasil`
  ADD KEY `id_peserta` (`id_peserta`);

--
-- Indexes for table `instansi`
--
ALTER TABLE `instansi`
  ADD PRIMARY KEY (`instansi_id`);

--
-- Indexes for table `nilai_peserta`
--
ALTER TABLE `nilai_peserta`
  ADD KEY `id_peserta` (`id_peserta`),
  ADD KEY `id_bobot` (`id_bobot`),
  ADD KEY `id_periode` (`id_periode`);

--
-- Indexes for table `nilai_peserta_detail`
--
ALTER TABLE `nilai_peserta_detail`
  ADD PRIMARY KEY (`detail_id`),
  ADD KEY `detail_peserta` (`detail_peserta`),
  ADD KEY `detail_penguji` (`detail_penguji`),
  ADD KEY `detail_periode` (`detail_periode`);

--
-- Indexes for table `penguji`
--
ALTER TABLE `penguji`
  ADD PRIMARY KEY (`penguji_id`),
  ADD UNIQUE KEY `username` (`username`);

--
-- Indexes for table `periode`
--
ALTER TABLE `periode`
  ADD PRIMARY KEY (`periode_id`);

--
-- Indexes for table `peserta`
--
ALTER TABLE `peserta`
  ADD PRIMARY KEY (`peserta_id`),
  ADD KEY `peserta_instansi` (`peserta_instansi`);

--
-- Constraints for dumped tables
--

--
-- Constraints for table `hasil`
--
ALTER TABLE `hasil`
  ADD CONSTRAINT `hasil_ibfk_1` FOREIGN KEY (`id_peserta`) REFERENCES `peserta` (`peserta_id`) ON DELETE CASCADE ON UPDATE NO ACTION;

--
-- Constraints for table `nilai_peserta`
--
ALTER TABLE `nilai_peserta`
  ADD CONSTRAINT `nilai_peserta_ibfk_1` FOREIGN KEY (`id_peserta`) REFERENCES `peserta` (`peserta_id`) ON DELETE CASCADE ON UPDATE NO ACTION,
  ADD CONSTRAINT `nilai_peserta_ibfk_2` FOREIGN KEY (`id_bobot`) REFERENCES `bobot` (`bobot_id`) ON DELETE CASCADE ON UPDATE NO ACTION,
  ADD CONSTRAINT `nilai_peserta_ibfk_3` FOREIGN KEY (`id_periode`) REFERENCES `periode` (`periode_id`) ON DELETE NO ACTION ON UPDATE NO ACTION;

--
-- Constraints for table `nilai_peserta_detail`
--
ALTER TABLE `nilai_peserta_detail`
  ADD CONSTRAINT `nilai_peserta_detail_ibfk_1` FOREIGN KEY (`detail_penguji`) REFERENCES `penguji` (`penguji_id`) ON DELETE NO ACTION ON UPDATE NO ACTION,
  ADD CONSTRAINT `nilai_peserta_detail_ibfk_2` FOREIGN KEY (`detail_peserta`) REFERENCES `peserta` (`peserta_id`) ON DELETE CASCADE ON UPDATE NO ACTION,
  ADD CONSTRAINT `nilai_peserta_detail_ibfk_3` FOREIGN KEY (`detail_periode`) REFERENCES `periode` (`periode_id`) ON DELETE NO ACTION ON UPDATE NO ACTION;

--
-- Constraints for table `peserta`
--
ALTER TABLE `peserta`
  ADD CONSTRAINT `peserta_ibfk_1` FOREIGN KEY (`peserta_instansi`) REFERENCES `instansi` (`instansi_id`) ON DELETE CASCADE ON UPDATE NO ACTION;
COMMIT;

/*!40101 SET CHARACTER_SET_CLIENT=@OLD_CHARACTER_SET_CLIENT */;
/*!40101 SET CHARACTER_SET_RESULTS=@OLD_CHARACTER_SET_RESULTS */;
/*!40101 SET COLLATION_CONNECTION=@OLD_COLLATION_CONNECTION */;
